yyyy-MM-dd,io-direction,counter-party,tonnes
2020-03-28,in,Local supermarkets,0.3614
2020-03-28,out,Used as food,0.3562
2020-03-28,out,Used by individuals for compost,0.0052
2020-03-29,in,Local supermarkets,0.35363
2020-03-29,out,Used as food,0.35053
2020-03-29,out,Used by individuals for compost,0.0031
2020-03-30,in,Local supermarkets,0.60575
2020-03-30,in,Other,0.017
2020-03-30,out,Used as food,0.62180
2020-03-30,out,Used by individuals for compost,0.00095
2020-03-31,in,Local supermarkets,0.42564
2020-03-31,in,Other,0.0065
2020-03-31,out,Used as food,0.43214
2020-04-01,in,Local supermarkets,0.46556000000000006
2020-04-01,in,Other,0.0588
2020-04-01,out,Used as food,0.52086000000000006
2020-04-01,out,Used by individuals for compost,0.0035
2020-04-02,in,Local supermarkets,0.0923
2020-04-02,out,Used as food,0.08655
2020-04-02,out,Used by individuals for compost,0.00575
2020-04-03,in,Local supermarkets,0.3462
2020-04-03,in,Other,0.10960000000000001
2020-04-03,out,Used as food,0.44990000000000001
2020-04-03,out,Used by individuals for compost,0.0059
2020-04-04,in,Local supermarkets,0.1293
2020-04-04,in,Other,0.21435
2020-04-04,out,Used as food,0.32615
2020-04-04,out,Used by individuals for compost,0.0175
2020-04-05,in,Local supermarkets,0.062699999999999996
2020-04-05,in,Other,0.07485
2020-04-05,out,Used as food,0.133499999999999996
2020-04-05,out,Used by individuals for compost,0.00405
2020-04-06,in,Local supermarkets,0.1299
2020-04-06,in,Other,0.06255
2020-04-06,out,Used as food,0.18895
2020-04-06,out,Used by individuals for compost,0.0035
2020-04-07,in,Local supermarkets,0.045099999999999994
2020-04-07,in,Other,0.0197
2020-04-07,out,Used as food,0.057499999999999994
2020-04-07,out,Used by individuals for compost,0.0073
2020-04-08,in,Local supermarkets,0.064
2020-04-08,in,Other,0.0271
2020-04-08,out,Used as food,0.08815
2020-04-08,out,Used by individuals for compost,0.00295
2020-04-09,in,Local supermarkets,0.114
2020-04-09,in,Other,0.102
2020-04-09,out,Used as food,0.216
2020-04-10,in,Local supermarkets,0.10210000000000001
2020-04-10,in,Other,0.109
2020-04-10,out,Used as food,0.17060000000000001
2020-04-10,out,Used by individuals for compost,0.0405
2020-04-11,in,Local supermarkets,0.09969999999999999
2020-04-11,in,Other,0.10715
2020-04-11,out,Used as food,0.14924999999999999
2020-04-11,out,Used by individuals for compost,0.0576
2020-04-12,in,Local supermarkets,0.14839999999999998
2020-04-12,in,Other,0.127
2020-04-12,out,Used as food,0.25059999999999998
2020-04-12,out,Used by individuals for compost,0.0248
2020-04-13,in,Local supermarkets,0.072
2020-04-13,in,Other,0.0583
2020-04-13,out,Used as food,0.1036
2020-04-13,out,Used by individuals for compost,0.0267
2020-04-14,in,Local supermarkets,0.1345
2020-04-14,in,Other,0.0765
2020-04-14,out,Used as food,0.2104
2020-04-14,out,Used by individuals for compost,0.0006
2020-04-15,in,Local supermarkets,0.0623
2020-04-15,in,Other,0.0523
2020-04-15,out,Used as food,0.1128
2020-04-15,out,Used by individuals for compost,0.0018
2020-04-16,in,Local supermarkets,0.0965
2020-04-16,in,Other,0.0775
2020-04-16,out,Used as food,0.1550
2020-04-16,out,Used by individuals for compost,0.019
2020-04-17,in,Local supermarkets,0.0566
2020-04-17,in,Other,0.0609
2020-04-17,out,Used as food,0.1133
2020-04-17,out,Used by individuals for compost,0.0042
2020-04-18,in,Local supermarkets,0.0622
2020-04-18,in,Other,0.0965
2020-04-18,out,Used as food,0.1459
2020-04-18,out,Used by individuals for compost,0.0128
2020-04-19,in,Local supermarkets,0.133
2020-04-19,in,Other,0.0298
2020-04-19,out,Used as food,0.1613
2020-04-19,out,Used by individuals for compost,0.0015
2020-04-20,in,Local supermarkets,0.15610000000000002
2020-04-20,in,Other,0.093445
2020-04-20,out,Used as food,0.24954500000000002
2020-04-21,in,Local supermarkets,0.08660000000000001
2020-04-21,out,Used as food,0.08660000000000001
2020-04-22,in,Local supermarkets,0.0581
2020-04-22,in,Other,0.0029
2020-04-22,out,Used as food,0.0524
2020-04-22,out,Used by individuals for compost,0.0086
2020-04-23,in,Local supermarkets,0.1349
2020-04-23,in,Other,0.0474
2020-04-23,out,Used as food,0.1823
2020-04-24,in,Local supermarkets,0.0927
2020-04-24,in,Other,0.0069
2020-04-24,out,Used as food,0.0996
2020-04-25,in,Local supermarkets,0.0737
2020-04-25,in,Other,0.11094999999999999
2020-04-25,out,Used as food,0.18464999999999999
2020-04-26,in,Local supermarkets,0.08030000000000001
2020-04-26,in,Other,0.0077
2020-04-26,out,Used as food,0.08800000000000001
2020-04-27,in,Local supermarkets,0.10360000000000001
2020-04-27,in,Other,0.0273
2020-04-27,out,Used as food,0.13090000000000001
2020-04-28,in,Local supermarkets,0.1327
2020-04-28,in,Other,0.0048
2020-04-28,out,Used as food,0.1375
2020-04-29,in,Local supermarkets,0.1201
2020-04-29,in,Other,0.0362
2020-04-29,out,Used as food,0.1563
2020-04-30,in,Local supermarkets,0.0911
2020-04-30,in,Other,0.12380000000000001
2020-04-30,out,Used as food,0.21490000000000001
2020-05-01,in,Local supermarkets,0.1476
2020-05-01,in,Other,0.04115
2020-05-01,out,Used as food,0.18875
2020-05-02,in,Local supermarkets,0.0803
2020-05-02,in,Other,0.11789999999999999
2020-05-02,out,Used as food,0.19819999999999999
2020-05-03,in,Local supermarkets,0.0639
2020-05-03,in,Other,0.07055
2020-05-03,out,Used as food,0.13445
2020-05-04,in,Local supermarkets,0.0914
2020-05-04,in,Other,0.0381
2020-05-04,out,Used as food,0.1295
2020-05-05,in,Local supermarkets,0.0654
2020-05-05,in,Other,0.0392
2020-05-05,out,Used as food,0.1046
2020-05-06,in,Local supermarkets,0.0981
2020-05-06,in,Other,0.0343
2020-05-06,out,Used as food,0.1210
2020-05-06,out,Used by individuals for compost,0.0114
2020-05-07,in,Local supermarkets,0.1071
2020-05-07,in,Other,0.0789
2020-05-07,out,Used as food,0.1860
2020-05-08,in,Local supermarkets,0.10969999999999999
2020-05-08,in,Other,0.0921
2020-05-08,out,Used as food,0.20179999999999999
2020-05-09,in,Local supermarkets,0.0784
2020-05-09,in,Other,0.0378
2020-05-09,out,Used as food,0.1162
2020-05-10,in,Local supermarkets,0.0641
2020-05-10,in,Other,0.05195
2020-05-10,out,Used as food,0.11605
2020-05-11,in,Local supermarkets,0.0981
2020-05-11,in,Other,0.0372
2020-05-11,out,Used as food,0.1353
2020-05-12,in,Local supermarkets,0.0721
2020-05-12,in,Other,0.02515
2020-05-12,out,Used as food,0.09725
2020-05-13,in,Local supermarkets,0.1077
2020-05-13,in,Other,0.0369
2020-05-13,out,Used as food,0.0938
2020-05-13,out,Used by individuals for compost,0.0254
2020-05-13,out,Donated to animal sanctuary,0.0254
2020-05-14,in,Local supermarkets,0.1308
2020-05-14,in,Other,0.0253
2020-05-14,out,Used as food,0.1561
2020-05-15,in,Local supermarkets,0.11030000000000001
2020-05-15,in,Other,0.0863
2020-05-15,out,Used as food,0.19660000000000001
2020-05-16,in,Local supermarkets,0.2364
2020-05-16,in,Other,0.0426
2020-05-16,out,Used as food,0.2790
2020-05-17,in,Local supermarkets,0.052599999999999994
2020-05-17,in,Other,0.0897
2020-05-17,out,Used as food,0.142299999999999994
2020-05-18,in,Local supermarkets,0.0704
2020-05-18,in,Other,0.1019
2020-05-18,out,Used as food,0.1723
2020-05-19,in,Local supermarkets,0.0635
2020-05-19,out,Used as food,0.0635
2020-05-20,in,Local supermarkets,0.0804
2020-05-20,out,Used as food,0.0804
2020-05-21,in,Local supermarkets,0.09118
2020-05-21,in,Other,0.0316
2020-05-21,out,Used as food,0.12278
2020-05-22,in,Local supermarkets,0.1225
2020-05-22,in,Other,0.0728
2020-05-22,out,Used as food,0.1299
2020-05-22,out,"Council compost, Energen biogas, etc.",0.0654
2020-05-23,in,Local supermarkets,0.049
2020-05-23,in,Other,0.0582
2020-05-23,out,Used as food,0.1072
2020-05-24,in,Local supermarkets,0.06580000000000001
2020-05-24,in,Other,0.12
2020-05-24,out,Used as food,0.17110000000000001
2020-05-24,out,Used by individuals for compost,0.0147
2020-05-25,in,Local supermarkets,0.0413
2020-05-25,in,Other,0.1086
2020-05-25,out,Used as food,0.0931
2020-05-25,out,Used by individuals for compost,0.0568
2020-05-26,in,Local supermarkets,0.0911
2020-05-26,in,Other,0.1028
2020-05-26,out,Used as food,0.16725
2020-05-26,out,Used by individuals for compost,0.02665
2020-05-27,in,Local supermarkets,0.076
2020-05-27,in,Other,0.048
2020-05-27,out,Used as food,0.124
2020-05-28,in,Local supermarkets,0.0592
2020-05-28,out,Used as food,-0.0850
2020-05-28,out,"Council compost, Energen biogas, etc.",0.1442
2020-05-29,in,Local supermarkets,0.0633
2020-05-29,in,Other,0.034
2020-05-29,out,Used as food,0.0973
2020-05-30,in,Local supermarkets,0.0868
2020-05-30,in,Other,0.01684
2020-05-30,out,Used as food,0.10364
2020-05-31,in,Local supermarkets,0.0702
2020-05-31,out,Used as food,0.0702
2020-06-01,in,Local supermarkets,0.0636
2020-06-01,in,Other,0.24925
2020-06-01,out,Used as food,0.31285
2020-06-02,in,Local supermarkets,0.122
2020-06-02,in,Other,0.377
2020-06-02,out,Used as food,0.499
2020-06-03,in,Local supermarkets,0.0542
2020-06-03,in,Other,0.2148
2020-06-03,out,Used as food,0.1680
2020-06-03,out,Used by individuals for compost,0.101
2020-06-04,in,Local supermarkets,0.0976
2020-06-04,in,Other,0.1713
2020-06-04,out,Used as food,0.2379
2020-06-04,out,Used by individuals for compost,0.031
2020-06-05,in,Local supermarkets,0.0366
2020-06-05,in,Other,0.07691
2020-06-05,out,Used as food,0.11351
2020-06-06,in,Local supermarkets,0.0807
2020-06-06,in,Other,0.1872
2020-06-06,out,Used as food,0.2679
2020-06-07,in,Local supermarkets,0.0908
2020-06-07,in,Other,0.0311
2020-06-07,out,Used as food,0.1219
2020-06-08,in,Local supermarkets,0.15
2020-06-08,out,Used as food,0.15
2020-06-09,in,Local supermarkets,0.2555
2020-06-09,in,Donated as waste,2.0
2020-06-09,out,Used as food,2.2555
2020-06-10,in,Local supermarkets,0.1487
2020-06-10,in,Fareshare,0.143
2020-06-10,in,Other,0.18
2020-06-10,out,Used as food,0.4669
2020-06-10,out,Used by individuals for compost,0.0048
2020-06-11,in,Local supermarkets,0.0973
2020-06-11,in,Other,0.0471
2020-06-11,out,Used as food,0.1444
2020-06-12,in,Local supermarkets,0.0649
2020-06-12,in,Other,0.03165
2020-06-12,out,Used as food,0.09655
2020-06-13,in,Local supermarkets,0.1309
2020-06-13,out,Used as food,0.1309
2020-06-14,in,Local supermarkets,0.0374
2020-06-14,in,Other,0.0489
2020-06-14,out,Used as food,0.0863
2020-06-15,in,Local supermarkets,0.1525
2020-06-15,out,Used as food,0.1525
2020-06-16,in,Local supermarkets,0.1177
2020-06-16,out,Used as food,0.1177
2020-06-17,in,Local supermarkets,0.182
2020-06-17,out,Used as food,0.17635
2020-06-17,out,Used by individuals for compost,0.00565
2020-06-18,in,Local supermarkets,0.0308
2020-06-18,out,Used as food,0.02575
2020-06-18,out,Used by individuals for compost,0.00505
2020-06-19,in,Local supermarkets,0.1734
2020-06-19,out,Used as food,0.1734
2020-06-20,in,Local supermarkets,0.1162
2020-06-20,out,Used as food,-0.35545
2020-06-20,out,"Council compost, Energen biogas, etc.",0.47165
2020-06-21,in,Local supermarkets,0.1059
2020-06-21,in,Donated as waste,0.0012
2020-06-21,out,Used as food,0.1071
2020-06-22,in,Local supermarkets,0.166
2020-06-22,out,Used as food,0.166
2020-06-23,in,Local supermarkets,0.1745
2020-06-23,out,Used as food,0.1745
2020-06-24,in,Local supermarkets,0.0877
2020-06-24,in,Donated as waste,0.5
2020-06-24,out,Used as food,0.51624
2020-06-24,out,"Council compost, Energen biogas, etc.",0.07146
2020-06-25,in,Local supermarkets,0.0661
2020-06-25,in,Fareshare,1.0
2020-06-25,in,Other,0.0714
2020-06-25,out,Used as food,1.1375
2020-06-26,in,Local supermarkets,0.0615
2020-06-26,in,Fareshare,0.864
2020-06-26,out,Used as food,0.9255
2020-06-27,in,Local supermarkets,0.0903
2020-06-27,out,Used as food,0.0903
2020-06-28,in,Local supermarkets,0.3123
2020-06-28,out,Used as food,0.3123
2020-06-29,in,Local supermarkets,0.23837
2020-06-29,in,Donated as waste,0.04745
2020-06-29,out,Used as food,0.28582
2020-06-30,in,Local supermarkets,0.3177
2020-06-30,in,Fareshare,1.7
2020-06-30,out,Used as food,2.0177
2020-07-01,in,Local supermarkets,0.0245
2020-07-01,out,Used as food,0.0245
2020-07-02,in,Local supermarkets,0.0234
2020-07-02,out,Used as food,-0.0166
2020-07-02,out,"Council compost, Energen biogas, etc.",0.04
2020-07-03,in,Local supermarkets,0.0571
2020-07-03,out,Used as food,0.0571
2020-07-04,in,Local supermarkets,0.0638
2020-07-04,out,Used as food,0.0638
2020-07-05,in,Local supermarkets,0.0588
2020-07-05,out,Used as food,0.0588
2020-07-06,in,Local supermarkets,0.0238
2020-07-06,out,Used as food,0.0182
2020-07-06,out,Used by individuals for compost,0.0056
2020-07-07,in,Local supermarkets,0.1267
2020-07-07,out,Used as food,0.1231
2020-07-07,out,Used by individuals for compost,0.0036
2020-07-08,in,Local supermarkets,0.1825
2020-07-08,out,Used as food,0.1777
2020-07-08,out,Used by individuals for compost,0.0048
2020-07-09,in,Local supermarkets,0.0888
2020-07-09,in,Other,0.054
2020-07-09,out,Used as food,0.1208
2020-07-09,out,Used by individuals for compost,0.022
2020-07-10,in,Local supermarkets,0.15025
2020-07-10,out,Used as food,-0.01595
2020-07-10,out,"Council compost, Energen biogas, etc.",0.16
2020-07-10,out,Used by individuals for compost,0.0062
2020-07-11,in,Local supermarkets,0.0807
2020-07-11,out,Used as food,0.0807
2020-07-12,in,Local supermarkets,0.1961
2020-07-12,out,Used as food,0.15495
2020-07-12,out,"Council compost, Energen biogas, etc.",0.0157
2020-07-12,out,Used by individuals for compost,0.02545
2020-07-13,in,Local supermarkets,0.1324
2020-07-13,out,Used as food,0.1209
2020-07-13,out,Used by individuals for compost,0.0115
2020-07-14,in,Local supermarkets,0.21145
2020-07-14,out,Used as food,0.20170
2020-07-14,out,Used by individuals for compost,0.00975
2020-07-15,in,Local supermarkets,0.10975
2020-07-15,out,Used as food,0.09475
2020-07-15,out,Used by individuals for compost,0.015
2020-07-16,in,Local supermarkets,0.0474
2020-07-16,out,Used as food,0.0294
2020-07-16,out,Used by individuals for compost,0.018
2020-07-17,in,Local supermarkets,0.0909
2020-07-17,out,Used as food,0.0909
2020-07-18,in,Local supermarkets,0.0664
2020-07-18,out,Used as food,0.0547
2020-07-18,out,Used by individuals for compost,0.0117
2020-07-19,in,Local supermarkets,0.2045
2020-07-19,out,Used as food,0.19435
2020-07-19,out,Used by individuals for compost,0.01015
2020-07-20,in,Local supermarkets,0.1087
2020-07-20,in,Donated not waste,0.0265
2020-07-20,out,Used as food,0.1352
2020-07-21,in,Local supermarkets,0.197
2020-07-21,out,Used as food,0.1822
2020-07-21,out,Used by individuals for compost,0.0148
2020-07-22,in,Local supermarkets,0.3235
2020-07-22,out,Used as food,0.3021
2020-07-22,out,Used by individuals for compost,0.0214
2020-07-23,in,Local supermarkets,0.0853
2020-07-23,out,Used as food,0.07195
2020-07-23,out,Used by individuals for compost,0.01335
2020-07-24,in,Local supermarkets,0.0563
2020-07-24,out,Used as food,0.0563
2020-07-25,in,Local supermarkets,0.1196
2020-07-25,out,Used as food,0.1196
2020-07-26,in,Local supermarkets,0.1208
2020-07-26,out,Used as food,0.1014
2020-07-26,out,Used by individuals for compost,0.0194
2020-07-27,in,Local supermarkets,0.0423
2020-07-27,out,Used as food,0.0358
2020-07-27,out,Used by individuals for compost,0.0065
2020-07-28,in,Local supermarkets,0.0717
2020-07-28,out,Used as food,0.05285
2020-07-28,out,Used by individuals for compost,0.01885
2020-07-29,in,Local supermarkets,0.0444
2020-07-29,in,Other,0.0055
2020-07-29,out,Used as food,0.04415
2020-07-29,out,Used by individuals for compost,0.00575
2020-07-30,in,Local supermarkets,0.0371
2020-07-30,out,Used as food,-0.0334
2020-07-30,out,"Council compost, Energen biogas, etc.",0.065
2020-07-30,out,Used by individuals for compost,0.0055
2020-07-31,in,Local supermarkets,0.0689
2020-07-31,out,Used as food,0.04465
2020-07-31,out,"Council compost, Energen biogas, etc.",0.01805
2020-07-31,out,Used by individuals for compost,0.0062
2020-08-01,in,Local supermarkets,2.193604
2020-08-01,in,Other,0.0252
2020-08-01,out,Used as food,2.124374
2020-08-01,out,"Council compost, Energen biogas, etc.",0.08608
2020-08-01,out,Used by individuals for compost,0.00835
2020-08-02,out,Used as food,-0.02115
2020-08-02,out,"Council compost, Energen biogas, etc.",0.00435
2020-08-02,out,Used by individuals for compost,0.0168
2020-08-03,in,Other,0.00035
2020-08-03,out,Used as food,-0.07250
2020-08-03,out,"Council compost, Energen biogas, etc.",0.07285
2020-08-04,in,Other,0.0014
2020-08-04,out,Used as food,-0.00195
2020-08-04,out,Used by individuals for compost,0.00335
2020-08-05,out,Used as food,-0.0053
2020-08-05,out,"Council compost, Energen biogas, etc.",0.0053
2020-08-06,in,Other,0.0006
2020-08-06,out,Used as food,-0.00195
2020-08-06,out,"Council compost, Energen biogas, etc.",0.00255
2020-08-07,in,Local supermarkets,0.0225
2020-08-07,in,Donated as waste,0.0055
2020-08-07,in,Other,0.0377
2020-08-07,out,Used as food,0.0382
2020-08-07,out,"Council compost, Energen biogas, etc.",0.007
2020-08-07,out,Used by individuals for compost,0.0205
2020-08-08,out,Used as food,-0.018
2020-08-08,out,"Council compost, Energen biogas, etc.",0.014
2020-08-08,out,Used by individuals for compost,0.004
2020-08-09,out,Used as food,-0.01795
2020-08-09,out,Used by individuals for compost,0.01795
2020-08-10,in,Donated not waste,0.00505
2020-08-10,out,Used as food,0.00505
2020-08-11,in,Donated not waste,0.012
2020-08-11,out,Used as food,0.00585
2020-08-11,out,"Council compost, Energen biogas, etc.",0.00615
2020-08-12,in,Donated not waste,0.0008
2020-08-12,out,Used as food,-0.0074
2020-08-12,out,Used by individuals for compost,0.0082
2020-08-13,in,Donated not waste,0.0002
2020-08-13,out,Used as food,-0.0083
2020-08-13,out,"Council compost, Energen biogas, etc.",0.0085
2020-08-14,in,Donated not waste,0.0046
2020-08-14,out,Used as food,-0.02438
2020-08-14,out,"Council compost, Energen biogas, etc.",0.02898
2020-08-15,out,Used as food,-0.0363
2020-08-15,out,"Council compost, Energen biogas, etc.",0.0363
2020-08-16,out,Used as food,-0.01945
2020-08-16,out,"Council compost, Energen biogas, etc.",0.0132
2020-08-16,out,Used by individuals for compost,0.00625
2020-08-17,in,Donated not waste,0.0387
2020-08-17,out,Used as food,0.0387
2020-08-18,out,Used as food,-0.01
2020-08-18,out,Used by individuals for compost,0.01
2020-08-19,out,Used as food,-0.00945
2020-08-19,out,Used by individuals for compost,0.00945
2020-08-20,out,Used as food,-0.01765
2020-08-20,out,Used by individuals for compost,0.01765
2020-08-21,out,Used as food,-0.005
2020-08-21,out,Used by individuals for compost,0.005
2020-08-22,out,Used as food,-0.01115
2020-08-22,out,"Council compost, Energen biogas, etc.",0.00475
2020-08-22,out,Used by individuals for compost,0.0064
2020-08-23,out,Used as food,-0.05740
2020-08-23,out,"Council compost, Energen biogas, etc.",0.02375
2020-08-23,out,Used by individuals for compost,0.0189
2020-08-23,out,Donated to animal sanctuary,0.01475
2020-08-24,in,Donated not waste,0.0001
2020-08-24,out,Used as food,-0.0142
2020-08-24,out,"Council compost, Energen biogas, etc.",0.0143
2020-08-25,out,Used as food,-0.0162
2020-08-25,out,"Council compost, Energen biogas, etc.",0.0162
2020-08-26,out,Used as food,-0.01715
2020-08-26,out,Used by individuals for compost,0.003
2020-08-26,out,Donated to animal sanctuary,0.01415
2020-08-27,in,Local supermarkets,0.022
2020-08-27,out,Used as food,0.01215
2020-08-27,out,"Council compost, Energen biogas, etc.",0.00985
2020-08-28,out,Used as food,-0.0558
2020-08-28,out,"Council compost, Energen biogas, etc.",0.0558
2020-08-29,out,Used as food,-0.0199
2020-08-29,out,"Council compost, Energen biogas, etc.",0.0199
2020-08-30,out,Used as food,-0.02885
2020-08-30,out,"Council compost, Energen biogas, etc.",0.00895
2020-08-30,out,Used by individuals for compost,0.0199
2020-08-31,out,Used as food,-0.02255
2020-08-31,out,"Council compost, Energen biogas, etc.",0.02255
2020-09-01,in,Local supermarkets,1.583886
2020-09-01,out,Used as food,1.569636
2020-09-01,out,"Council compost, Energen biogas, etc.",0.01425
2020-09-02,in,Fareshare,0.91
2020-09-02,out,Used as food,0.8527
2020-09-02,out,Donated to animal sanctuary,0.0573
2020-09-03,out,Used as food,-0.00399
2020-09-03,out,"Council compost, Energen biogas, etc.",0.00399
2020-09-04,out,Used as food,-0.0071
2020-09-04,out,Used by individuals for compost,0.0071
2020-09-05,out,Used as food,-0.009
2020-09-05,out,Used by individuals for compost,0.009
2020-09-07,out,Used as food,-0.025
2020-09-07,out,"Council compost, Energen biogas, etc.",0.025
2020-09-08,in,Other,0.00165
2020-09-08,out,Used as food,-0.02825
2020-09-08,out,"Council compost, Energen biogas, etc.",0.0299
2020-09-09,in,Fareshare,0.21622
2020-09-09,out,Used as food,0.20222
2020-09-09,out,Used by individuals for compost,0.014
2020-09-10,in,Local supermarkets,0.0336
2020-09-10,out,Used as food,0.02355
2020-09-10,out,"Council compost, Energen biogas, etc.",0.01005
2020-09-11,out,Used as food,-0.01105
2020-09-11,out,"Council compost, Energen biogas, etc.",0.01105
2020-09-12,out,Used as food,-0.0740
2020-09-12,out,"Council compost, Energen biogas, etc.",0.0526
2020-09-12,out,Donated to animal sanctuary,0.0214
2020-09-13,out,Used as food,-0.00725
2020-09-13,out,"Council compost, Energen biogas, etc.",0.00725
2020-09-14,in,Local supermarkets,0.06285
2020-09-14,out,Used as food,-0.00955
2020-09-14,out,Donated to animal sanctuary,0.0724
2020-09-22,out,Used as food,-0.1200
2020-09-22,out,Used by individuals for compost,0.0055
2020-09-22,out,Donated to animal sanctuary,0.1145
2020-09-23,in,Local supermarkets,0.01025
2020-09-23,in,Fareshare,0.44
2020-09-23,in,Donated as waste,0.0044
2020-09-23,out,Used as food,0.44865
2020-09-23,out,Used by individuals for compost,0.006
2020-09-24,in,Other,0.01465
2020-09-24,out,Used as food,-0.00730
2020-09-24,out,Used by individuals for compost,0.0058
2020-09-24,out,Donated to animal sanctuary,0.01615
2020-09-25,in,Other,0.012
2020-09-25,out,Used as food,0.0037
2020-09-25,out,Used by individuals for compost,0.0083
2020-09-26,in,Donated as waste,0.000255
2020-09-26,out,Used as food,-0.025145
2020-09-26,out,Used by individuals for compost,0.0141
2020-09-26,out,Donated to animal sanctuary,0.0113
2020-09-27,out,Used as food,-0.0115
2020-09-27,out,Used by individuals for compost,0.0115
2020-09-28,in,Donated as waste,0.000226
2020-09-28,out,Used as food,-0.009824
2020-09-28,out,Used by individuals for compost,0.01005
2020-09-29,in,Fareshare,1.15216
2020-09-29,in,Other,0.000226
2020-09-29,out,Used as food,1.136186
2020-09-29,out,Used by individuals for compost,0.0162
2020-09-30,in,Donated not waste,0.00385
2020-09-30,out,Used as food,-0.01215
2020-09-30,out,Used by individuals for compost,0.016
2020-10-01,in,Local supermarkets,1.614542
2020-10-01,out,Used as food,1.531492
2020-10-01,out,"Council compost, Energen biogas, etc.",0.0022
2020-10-01,out,Donated to animal sanctuary,0.08085
2020-10-02,out,Used as food,-0.0035
2020-10-02,out,"Council compost, Energen biogas, etc.",0.0035
2020-10-03,in,Other,0.007775
2020-10-03,out,Used as food,0.006095
2020-10-03,out,"Council compost, Energen biogas, etc.",0.00168
2020-10-04,out,Used as food,-0.017
2020-10-04,out,"Council compost, Energen biogas, etc.",0.017
2020-10-05,in,Other,0.0005
2020-10-05,out,"Council compost, Energen biogas, etc.",0.0005
2020-10-06,in,Other,0.000125
2020-10-06,out,Used as food,-0.000775
2020-10-06,out,"Council compost, Energen biogas, etc.",0.0009
2020-10-07,in,Other,0.00015
2020-10-07,out,Used as food,-0.00145
2020-10-07,out,"Council compost, Energen biogas, etc.",0.0016
2020-10-08,in,Other,0.018887
2020-10-08,out,Used as food,-0.029213
2020-10-08,out,Donated to animal sanctuary,0.0481
2020-10-09,in,Fareshare,1.09647
2020-10-09,in,Other,0.0258
2020-10-09,out,Used as food,1.11742
2020-10-09,out,"Council compost, Energen biogas, etc.",0.00485
2020-10-10,in,Other,0.005
2020-10-10,out,Used as food,-0.01970
2020-10-10,out,"Council compost, Energen biogas, etc.",0.01405
2020-10-10,out,Used by individuals for compost,0.01065
2020-10-11,in,Other,0.0256
2020-10-11,out,Used as food,0.02365
2020-10-11,out,"Council compost, Energen biogas, etc.",0.00195
2020-10-12,in,Other,0.00045
2020-10-12,out,Used as food,-0.01735
2020-10-12,out,"Council compost, Energen biogas, etc.",0.0023
2020-10-12,out,Donated to animal sanctuary,0.0155
2020-10-13,in,Other,0.000207
2020-10-13,out,Used as food,-0.049443
2020-10-13,out,"Council compost, Energen biogas, etc.",0.01005
2020-10-13,out,Donated to animal sanctuary,0.0396
2020-10-14,in,Other,0.01875
2020-10-14,out,Used as food,0.01460
2020-10-14,out,"Council compost, Energen biogas, etc.",0.00415
2020-10-15,in,Other,0.03716
2020-10-15,out,Used as food,-0.02159
2020-10-15,out,"Council compost, Energen biogas, etc.",0.00865
2020-10-15,out,Donated to animal sanctuary,0.0501
2020-10-16,out,Used as food,-0.0185
2020-10-16,out,"Council compost, Energen biogas, etc.",0.0185
2020-10-17,out,Used as food,-0.0059
2020-10-17,out,"Council compost, Energen biogas, etc.",0.0059
2020-10-18,in,Other,0.000196
2020-10-18,out,Used as food,-0.013304
2020-10-18,out,"Council compost, Energen biogas, etc.",0.0135
2020-10-19,in,Other,0.01624
2020-10-19,out,Used as food,0.00774
2020-10-19,out,"Council compost, Energen biogas, etc.",0.0085
2020-10-20,out,Used as food,-0.0109
2020-10-20,out,"Council compost, Energen biogas, etc.",0.0109
2020-10-21,in,Other,0.018671
2020-10-21,out,Used as food,0.015571
2020-10-21,out,"Council compost, Energen biogas, etc.",0.0031
2020-10-22,in,Other,0.03015
2020-10-22,out,Used as food,-0.00145
2020-10-22,out,"Council compost, Energen biogas, etc.",0.00115
2020-10-22,out,Donated to animal sanctuary,0.03045
2020-10-23,in,Other,0.025
2020-10-23,out,Used as food,0.0195
2020-10-23,out,Donated to animal sanctuary,0.0055
2020-10-24,in,Other,0.0182
2020-10-24,out,Used as food,0.00695
2020-10-24,out,"Council compost, Energen biogas, etc.",0.01125
2020-10-25,in,Other,0.01
2020-10-25,out,Used as food,0.00125
2020-10-25,out,"Council compost, Energen biogas, etc.",0.00875
2020-10-26,in,Other,0.0002
2020-10-26,out,Used as food,-0.0098
2020-10-26,out,"Council compost, Energen biogas, etc.",0.01
2020-10-27,in,Other,0.00005
2020-10-27,out,Used as food,-0.07165
2020-10-27,out,"Council compost, Energen biogas, etc.",0.005
2020-10-27,out,Donated to animal sanctuary,0.0667
2020-10-28,in,Other,0.012152
2020-10-28,out,Used as food,0.010152
2020-10-28,out,"Council compost, Energen biogas, etc.",0.002
2020-10-29,in,Other,0.00225
2020-10-29,out,Used as food,0.00225
2020-10-30,in,Other,0.01165
2020-10-30,out,Used as food,0.01165
2020-10-31,in,Other,0.022
2020-10-31,out,Used as food,0.022
2020-11-01,in,Local supermarkets,1.904766
2020-11-01,in,Other,0.016
2020-11-01,out,Used as food,1.910816
2020-11-01,out,"Council compost, Energen biogas, etc.",0.00995
2020-11-02,in,Other,0.0095
2020-11-02,out,Used as food,-0.0130
2020-11-02,out,"Council compost, Energen biogas, etc.",0.0225
2020-11-03,in,Other,0.010358
2020-11-03,out,Used as food,-0.011392
2020-11-03,out,"Council compost, Energen biogas, etc.",0.0045
2020-11-03,out,Donated to animal sanctuary,0.01725
2020-11-04,in,Other,0.000125
2020-11-04,out,Used as food,-0.000875
2020-11-04,out,"Council compost, Energen biogas, etc.",0.001
2020-11-05,in,Other,0.033325
2020-11-05,out,Used as food,0.031625
2020-11-05,out,"Council compost, Energen biogas, etc.",0.0017
2020-11-06,in,Other,0.0082
2020-11-06,out,Used as food,0.00095
2020-11-06,out,"Council compost, Energen biogas, etc.",0.00725
2020-11-07,in,Other,0.000165
2020-11-07,out,Used as food,-0.005335
2020-11-07,out,"Council compost, Energen biogas, etc.",0.0055
2020-11-08,in,Other,0.0124
2020-11-08,out,Used as food,-0.0534
2020-11-08,out,Donated to animal sanctuary,0.0658
2020-11-09,out,Used as food,-0.0063
2020-11-09,out,"Council compost, Energen biogas, etc.",0.0063
2020-11-10,in,Other,0.00015
2020-11-10,out,Used as food,-0.00685
2020-11-10,out,"Council compost, Energen biogas, etc.",0.007
2020-11-11,in,Other,0.0069
2020-11-11,out,Used as food,-0.0738
2020-11-11,out,"Council compost, Energen biogas, etc.",0.007
2020-11-11,out,Donated to animal sanctuary,0.0737
2020-11-12,in,Other,0.038241
2020-11-12,out,Used as food,0.031741
2020-11-12,out,"Council compost, Energen biogas, etc.",0.0065
2020-11-13,in,Other,0.009064
2020-11-13,out,Used as food,-0.001436
2020-11-13,out,"Council compost, Energen biogas, etc.",0.0105
2020-11-14,in,Other,0.011897
2020-11-14,out,Used as food,0.004947
2020-11-14,out,"Council compost, Energen biogas, etc.",0.00695
2020-11-16,in,Other,0.01765
2020-11-16,out,Used as food,-0.01355
2020-11-16,out,"Council compost, Energen biogas, etc.",0.0082
2020-11-16,out,Donated to animal sanctuary,0.023
2020-11-17,in,Other,0.003152
2020-11-17,out,Used as food,-0.010898
2020-11-17,out,"Council compost, Energen biogas, etc.",0.00605
2020-11-17,out,Donated to animal sanctuary,0.008
2020-11-18,in,Other,0.011327
2020-11-18,out,Used as food,0.006377
2020-11-18,out,"Council compost, Energen biogas, etc.",0.00495
2020-11-19,in,Other,0.04152
2020-11-19,out,Used as food,0.04152
2020-11-20,in,Other,0.008
2020-11-20,out,Used as food,-0.076
2020-11-20,out,"Council compost, Energen biogas, etc.",0.042
2020-11-20,out,Donated to animal sanctuary,0.042
2020-11-21,in,Other,0.002641
2020-11-21,out,Used as food,0.002641
2020-11-22,in,Other,0.011
2020-11-22,out,Used as food,0.0015
2020-11-22,out,"Council compost, Energen biogas, etc.",0.0095
2020-11-24,in,Other,0.000124
2020-11-24,out,Used as food,0.000124
2020-11-25,in,Other,0.00918
2020-11-25,out,Used as food,0.00658
2020-11-25,out,"Council compost, Energen biogas, etc.",0.0026
2020-11-26,in,Other,0.023154
2020-11-26,out,Used as food,-0.019846
2020-11-26,out,"Council compost, Energen biogas, etc.",0.005
2020-11-26,out,Used by individuals for compost,0.008
2020-11-26,out,Donated to animal sanctuary,0.03
2020-11-27,in,Other,0.057
2020-11-27,out,Used as food,0.057
2020-11-28,in,Other,0.000196
2020-11-28,out,Used as food,-0.006304
2020-11-28,out,"Council compost, Energen biogas, etc.",0.0065
2020-11-29,in,Other,0.0155
2020-11-29,out,Used as food,0.00875
2020-11-29,out,"Council compost, Energen biogas, etc.",0.00675
2020-11-30,in,Local supermarkets,0.430177
2020-11-30,in,Other,0.00975
2020-11-30,out,Used as food,0.415927
2020-11-30,out,"Council compost, Energen biogas, etc.",0.007
2020-11-30,out,Used by individuals for compost,0.0035
2020-11-30,out,Donated to animal sanctuary,0.0135
2020-12-01,in,Local supermarkets,0.0674
2020-12-01,in,Other,0.01042
2020-12-01,out,Used as food,0.07417
2020-12-01,out,"Council compost, Energen biogas, etc.",0.00365
2020-12-02,in,Local supermarkets,0.0441
2020-12-02,in,Other,0.029147
2020-12-02,out,Used as food,0.067997
2020-12-02,out,"Council compost, Energen biogas, etc.",0.00325
2020-12-02,out,Donated to animal sanctuary,0.002
2020-12-03,in,Local supermarkets,0.0468
2020-12-03,in,Other,0.0205
2020-12-03,out,Used as food,0.0593
2020-12-03,out,"Council compost, Energen biogas, etc.",0.008
2020-12-04,in,Local supermarkets,0.0458
2020-12-04,in,Other,0.0765
2020-12-04,out,Used as food,0.0959
2020-12-04,out,"Council compost, Energen biogas, etc.",0.0264
2020-12-05,in,Local supermarkets,0.1523
2020-12-05,out,Used as food,0.1408
2020-12-05,out,"Council compost, Energen biogas, etc.",0.0115
2020-12-06,in,Local supermarkets,0.134
2020-12-06,in,Other,0.018707
2020-12-06,out,Used as food,0.147207
2020-12-06,out,"Council compost, Energen biogas, etc.",0.0055
2020-12-07,in,Local supermarkets,0.0419
2020-12-07,in,Fareshare,0.66592
2020-12-07,in,Other,0.05775
2020-12-07,out,Used as food,0.75057
2020-12-07,out,"Council compost, Energen biogas, etc.",0.015
2020-12-08,in,Local supermarkets,0.1217
2020-12-08,in,Other,0.010117
2020-12-08,out,Used as food,0.128767
2020-12-08,out,"Council compost, Energen biogas, etc.",0.00305
2020-12-09,in,Local supermarkets,0.055
2020-12-09,in,Other,0.033252
2020-12-09,out,Used as food,0.088252
2020-12-10,in,Local supermarkets,0.0323
2020-12-10,in,Other,0.18115
2020-12-10,out,Used as food,0.20695
2020-12-10,out,"Council compost, Energen biogas, etc.",0.0065
2020-12-11,in,Local supermarkets,0.0589
2020-12-11,in,Donated not waste,1.5508
2020-12-11,out,Used as food,1.6097
2020-12-12,in,Local supermarkets,0.1069
2020-12-12,in,Purchased,0.08
2020-12-12,in,Other,0.1528
2020-12-12,out,Used as food,0.3355
2020-12-12,out,"Council compost, Energen biogas, etc.",0.0042
2020-12-13,in,Local supermarkets,0.0674
2020-12-13,in,Purchased,0.08
2020-12-13,in,Other,0.03732
2020-12-13,out,Used as food,0.18472
2020-12-14,in,Local supermarkets,0.0284
2020-12-14,in,Fareshare,0.82399
2020-12-14,in,Purchased,0.08
2020-12-14,in,Other,0.0385
2020-12-14,out,Used as food,0.96769
2020-12-14,out,"Council compost, Energen biogas, etc.",0.0032
2020-12-15,in,Local supermarkets,0.0602
2020-12-15,in,Purchased,0.08
2020-12-15,in,Other,0.00664
2020-12-15,out,Used as food,0.14684
2020-12-16,in,Local supermarkets,0.0889
2020-12-16,in,Purchased,0.08
2020-12-16,in,Other,0.0126
2020-12-16,out,Used as food,0.1764
2020-12-16,out,"Council compost, Energen biogas, etc.",0.0051
2020-12-17,in,Local supermarkets,0.0411
2020-12-17,in,Purchased,0.08
2020-12-17,in,Donated as waste,0.06443
2020-12-17,out,Used as food,0.14783
2020-12-17,out,"Council compost, Energen biogas, etc.",0.0377
2020-12-18,in,Local supermarkets,0.029
2020-12-18,in,Purchased,0.08
2020-12-18,in,Other,0.07005
2020-12-18,out,Used as food,0.16905
2020-12-18,out,"Council compost, Energen biogas, etc.",0.01
2020-12-19,in,Local supermarkets,0.4129
2020-12-19,in,Purchased,0.08
2020-12-19,in,Other,0.01685
2020-12-19,out,Used as food,0.44610
2020-12-19,out,"Council compost, Energen biogas, etc.",0.06365
2020-12-20,in,Local supermarkets,0.1423
2020-12-20,in,Purchased,0.08
2020-12-20,in,Other,0.0215
2020-12-20,out,Used as food,0.1888
2020-12-20,out,"Council compost, Energen biogas, etc.",0.055
2020-12-21,in,Local supermarkets,0.0187
2020-12-21,in,Fareshare,0.7616
2020-12-21,in,Purchased,0.08
2020-12-21,in,Donated not waste,0.004
2020-12-21,out,Used as food,0.7653
2020-12-21,out,"Council compost, Energen biogas, etc.",0.051
2020-12-21,out,Donated to animal sanctuary,0.048
2020-12-22,in,Local supermarkets,0.0154
2020-12-22,in,Purchased,0.08
2020-12-22,in,Other,0.022
2020-12-22,out,Used as food,0.1174
2020-12-23,in,Purchased,0.08
2020-12-23,in,Other,0.1506
2020-12-23,out,Used as food,0.2258
2020-12-23,out,"Council compost, Energen biogas, etc.",0.0048
2020-12-24,in,Local supermarkets,0.88138
2020-12-24,in,Purchased,0.08
2020-12-24,in,Other,0.03734
2020-12-24,out,Used as food,0.97302
2020-12-24,out,Donated to animal sanctuary,0.0257
2020-12-25,in,Purchased,0.08
2020-12-25,out,Used as food,0.08
2020-12-26,out,Used as food,-0.0967
2020-12-26,out,"Council compost, Energen biogas, etc.",0.0202
2020-12-26,out,Donated to animal sanctuary,0.0765
2020-12-27,in,Local supermarkets,0.7246
2020-12-27,out,Used as food,0.7032
2020-12-27,out,"Council compost, Energen biogas, etc.",0.0214
2020-12-28,in,Other,0.0125
2020-12-28,out,Used as food,-0.0300
2020-12-28,out,"Council compost, Energen biogas, etc.",0.018
2020-12-28,out,Used by individuals for compost,0.0245
2020-12-29,in,Local supermarkets,0.2751
2020-12-29,out,Used as food,0.2264
2020-12-29,out,Donated to animal sanctuary,0.0487
2020-12-30,in,Local supermarkets,0.0867
2020-12-30,in,Donated not waste,0.00167
2020-12-30,out,Used as food,0.08837
2020-12-31,in,Donated not waste,0.00182
2020-12-31,out,Used as food,-0.05898
2020-12-31,out,"Council compost, Energen biogas, etc.",0.048
2020-12-31,out,Used by individuals for compost,0.0128
2021-01-01,out,Used as food,-0.0095
2021-01-01,out,"Council compost, Energen biogas, etc.",0.0095
2021-01-02,in,Local supermarkets,0.0882
2021-01-02,out,Used as food,0.02715
2021-01-02,out,"Council compost, Energen biogas, etc.",0.06105
2021-01-03,in,Local supermarkets,0.012
2021-01-03,out,"Council compost, Energen biogas, etc.",0.012
2021-01-04,in,Local supermarkets,0.1199
2021-01-04,in,Donated not waste,0.00028
2021-01-04,out,Used as food,0.06968
2021-01-04,out,"Council compost, Energen biogas, etc.",0.02
2021-01-04,out,Used by individuals for compost,0.0305
2021-01-05,in,Local supermarkets,0.2523
2021-01-05,in,Fareshare,0.47304
2021-01-05,out,Used as food,0.69589
2021-01-05,out,"Council compost, Energen biogas, etc.",0.02945
2021-01-06,in,Local supermarkets,0.16495
2021-01-06,in,Donated not waste,0.000474
2021-01-06,out,Used as food,0.130474
2021-01-06,out,"Council compost, Energen biogas, etc.",0.01215
2021-01-06,out,Donated to animal sanctuary,0.0228
2021-01-07,in,Local supermarkets,0.0547
2021-01-07,in,Other,0.00025
2021-01-07,out,Used as food,0.03645
2021-01-07,out,Used by individuals for compost,0.0185
2021-01-08,in,Local supermarkets,0.0791
2021-01-08,out,Used as food,0.0391
2021-01-08,out,"Council compost, Energen biogas, etc.",0.04
2021-01-09,in,Local supermarkets,0.1746
2021-01-09,in,Other,0.000293
2021-01-09,out,Used as food,0.167443
2021-01-09,out,"Council compost, Energen biogas, etc.",0.00745
2021-01-10,in,Local supermarkets,0.2149
2021-01-10,in,Other,0.00035
2021-01-10,out,Used as food,0.19605
2021-01-10,out,"Council compost, Energen biogas, etc.",0.0192
2021-01-11,in,Local supermarkets,0.1539
2021-01-11,in,Fareshare,1.09293
2021-01-11,in,Other,0.0074
2021-01-11,out,Used as food,1.16923
2021-01-11,out,"Council compost, Energen biogas, etc.",0.045
2021-01-11,out,Used by individuals for compost,0.04
2021-01-12,in,Local supermarkets,0.0387
2021-01-12,in,Other,0.000334
2021-01-12,out,Used as food,-0.011966
2021-01-12,out,"Council compost, Energen biogas, etc.",0.0165
2021-01-12,out,Donated to animal sanctuary,0.0345
2021-01-13,in,Local supermarkets,0.1557
2021-01-13,out,Used as food,0.12905
2021-01-13,out,"Council compost, Energen biogas, etc.",0.02665
2021-01-14,in,Local supermarkets,0.1327
2021-01-14,out,Used as food,0.11225
2021-01-14,out,"Council compost, Energen biogas, etc.",0.02045
2021-01-15,in,Local supermarkets,0.0428
2021-01-15,in,Other,0.0013
2021-01-15,out,Used as food,-0.0049
2021-01-15,out,"Council compost, Energen biogas, etc.",0.017
2021-01-15,out,Used by individuals for compost,0.032
2021-01-16,in,Local supermarkets,0.1688
2021-01-16,in,Other,0.00037
2021-01-16,out,Used as food,0.12137
2021-01-16,out,"Council compost, Energen biogas, etc.",0.0148
2021-01-16,out,Donated to animal sanctuary,0.033
2021-01-17,in,Local supermarkets,0.1813
2021-01-17,in,Other,0.0328
2021-01-17,out,Used as food,0.2019
2021-01-17,out,"Council compost, Energen biogas, etc.",0.0122
2021-01-18,in,Local supermarkets,0.0686
2021-01-18,in,Fareshare,0.46092
2021-01-18,in,Donated not waste,0.1488
2021-01-18,in,Other,0.00035
2021-01-18,out,Used as food,0.63887
2021-01-18,out,"Council compost, Energen biogas, etc.",0.0108
2021-01-18,out,Used by individuals for compost,0.029
2021-01-19,in,Local supermarkets,0.1286
2021-01-19,in,Other,0.07844
2021-01-19,out,Used as food,0.18574
2021-01-19,out,"Council compost, Energen biogas, etc.",0.0213
2021-01-20,in,Local supermarkets,0.0497
2021-01-20,in,Other,0.0107
2021-01-20,out,Used as food,0.0453
2021-01-20,out,"Council compost, Energen biogas, etc.",0.0151
2021-01-21,in,Local supermarkets,0.0465
2021-01-21,in,Other,0.000414
2021-01-21,out,Used as food,0.035514
2021-01-21,out,Used by individuals for compost,0.0114
2021-01-22,in,Local supermarkets,0.0585
2021-01-22,in,Other,0.0005
2021-01-22,out,Used as food,0.0002
2021-01-22,out,"Council compost, Energen biogas, etc.",0.0105
2021-01-22,out,Donated to animal sanctuary,0.0483
2021-01-23,in,Local supermarkets,0.0962
2021-01-23,in,Other,0.01833
2021-01-23,out,Used as food,0.07898
2021-01-23,out,"Council compost, Energen biogas, etc.",0.0096
2021-01-23,out,Donated to animal sanctuary,0.02595
2021-01-24,in,Local supermarkets,0.2021
2021-01-24,in,Other,0.000859
2021-01-24,out,Used as food,0.175259
2021-01-24,out,"Council compost, Energen biogas, etc.",0.0117
2021-01-24,out,Used by individuals for compost,0.016
2021-01-25,in,Local supermarkets,0.0451
2021-01-25,in,Fareshare,0.25544
2021-01-25,in,Other,0.000385
2021-01-25,out,Used as food,0.277925
2021-01-25,out,"Council compost, Energen biogas, etc.",0.007
2021-01-25,out,Used by individuals for compost,0.016
2021-01-26,in,Local supermarkets,0.0405
2021-01-26,out,Used as food,0.02915
2021-01-26,out,"Council compost, Energen biogas, etc.",0.00585
2021-01-26,out,Used by individuals for compost,0.0055
2021-01-27,in,Local supermarkets,0.0222
2021-01-27,in,Other,0.000494
2021-01-27,out,Used as food,0.012694
2021-01-27,out,"Council compost, Energen biogas, etc.",0.0015
2021-01-27,out,Used by individuals for compost,0.0085
2021-01-28,in,Local supermarkets,0.0697
2021-01-28,in,Other,0.01839
2021-01-28,out,Used as food,0.03011
2021-01-28,out,"Council compost, Energen biogas, etc.",0.00285
2021-01-28,out,Used by individuals for compost,0.00048
2021-01-28,out,Donated to animal sanctuary,0.05465
2021-01-29,in,Local supermarkets,0.032
2021-01-29,in,Fareshare,0.25552
2021-01-29,in,Other,0.0006
2021-01-29,out,Used as food,0.26762
2021-01-29,out,"Council compost, Energen biogas, etc.",0.0125
2021-01-29,out,Used by individuals for compost,0.008
2021-01-30,in,Local supermarkets,0.15015
2021-01-30,in,Other,0.000572
2021-01-30,out,Used as food,0.131282
2021-01-30,out,"Council compost, Energen biogas, etc.",0.01944
2021-01-31,in,Local supermarkets,0.0982
2021-01-31,in,Other,0.00053
2021-01-31,out,Used as food,0.09123
2021-01-31,out,"Council compost, Energen biogas, etc.",0.0075
2021-02-01,in,Local supermarkets,0.0955
2021-02-01,in,Fareshare,0.2753
2021-02-01,out,Used as food,0.36205
2021-02-01,out,"Council compost, Energen biogas, etc.",0.00875
2021-02-02,in,Local supermarkets,0.081
2021-02-02,in,Other,0.02275
2021-02-02,out,Used as food,0.00975
2021-02-02,out,"Council compost, Energen biogas, etc.",0.094
2021-02-03,in,Local supermarkets,0.0557
2021-02-03,in,Other,0.0005
2021-02-03,out,Used as food,-0.01435
2021-02-03,out,"Council compost, Energen biogas, etc.",0.0032
2021-02-03,out,Donated to animal sanctuary,0.06735
2021-02-04,in,Local supermarkets,0.04395
2021-02-04,in,Other,0.000322
2021-02-04,out,Used as food,0.038822
2021-02-04,out,"Council compost, Energen biogas, etc.",0.00545
2021-02-05,in,Local supermarkets,0.0416
2021-02-05,in,Other,0.0005
2021-02-05,out,Used as food,0.0288
2021-02-05,out,"Council compost, Energen biogas, etc.",0.0133
2021-02-06,in,Local supermarkets,0.1249
2021-02-06,in,Other,0.0011143
2021-02-06,out,Used as food,0.0706143
2021-02-06,out,"Council compost, Energen biogas, etc.",0.013
2021-02-06,out,Donated to animal sanctuary,0.0424
2021-02-07,in,Local supermarkets,0.0406
2021-02-07,out,Used as food,0.0339
2021-02-07,out,"Council compost, Energen biogas, etc.",0.0067
2021-02-08,in,Local supermarkets,0.0661
2021-02-08,in,Fareshare,0.50564
2021-02-08,in,Other,0.0008
2021-02-08,out,Used as food,0.57254
2021-02-09,in,Local supermarkets,0.0646
2021-02-09,in,Other,0.0005
2021-02-09,out,Used as food,0.03480
2021-02-09,out,"Council compost, Energen biogas, etc.",0.00325
2021-02-09,out,Donated to animal sanctuary,0.02705
2021-02-10,in,Local supermarkets,0.05925
2021-02-10,in,Other,0.0011
2021-02-10,out,Used as food,0.05090
2021-02-10,out,"Council compost, Energen biogas, etc.",0.00035
2021-02-10,out,Donated to animal sanctuary,0.0091
2021-02-11,in,Local supermarkets,0.0616
2021-02-11,in,Donated as waste,0.08915
2021-02-11,in,Other,0.000744
2021-02-11,out,Used as food,0.146494
2021-02-11,out,Used by individuals for compost,0.005
2021-02-12,in,Local supermarkets,0.01
2021-02-12,in,Fareshare,0.82966
2021-02-12,in,Other,0.0021
2021-02-12,out,Used as food,0.82876
2021-02-12,out,"Council compost, Energen biogas, etc.",0.013
2021-02-13,in,Local supermarkets,0.0622
2021-02-13,in,Other,0.00085
2021-02-13,out,Used as food,0.05285
2021-02-13,out,Donated to animal sanctuary,0.0102
2021-02-14,in,Local supermarkets,0.1265
2021-02-14,in,Other,0.000752
2021-02-14,out,Used as food,0.115572
2021-02-14,out,"Council compost, Energen biogas, etc.",0.01168
2021-02-15,in,Local supermarkets,0.066
2021-02-15,in,Fareshare,0.60968
2021-02-15,in,Other,0.00082
2021-02-15,out,Used as food,0.67140
2021-02-15,out,"Council compost, Energen biogas, etc.",0.0051
2021-02-16,in,Local supermarkets,0.0512
2021-02-16,in,Other,0.000614
2021-02-16,out,Used as food,0.047114
2021-02-16,out,"Council compost, Energen biogas, etc.",0.0047
2021-02-17,in,Local supermarkets,0.05855
2021-02-17,in,Other,0.000641
2021-02-17,out,Used as food,0.051311
2021-02-17,out,"Council compost, Energen biogas, etc.",0.00788
2021-02-18,in,Local supermarkets,0.0366
2021-02-18,in,Other,0.00071
2021-02-18,out,Used as food,0.03401
2021-02-18,out,"Council compost, Energen biogas, etc.",0.0033
2021-02-19,in,Local supermarkets,0.0494
2021-02-19,in,Other,0.021362
2021-02-19,out,Used as food,0.044762
2021-02-19,out,"Council compost, Energen biogas, etc.",0.021
2021-02-19,out,Donated to animal sanctuary,0.005
2021-02-20,in,Local supermarkets,0.0474
2021-02-20,in,Other,0.015896
2021-02-20,out,Used as food,0.023596
2021-02-20,out,"Council compost, Energen biogas, etc.",0.02215
2021-02-20,out,Donated to animal sanctuary,0.01755
2021-02-21,in,Local supermarkets,0.041
2021-02-21,in,Other,0.0005
2021-02-21,out,Used as food,0.01145
2021-02-21,out,"Council compost, Energen biogas, etc.",0.00495
2021-02-21,out,Donated to animal sanctuary,0.0251
2021-02-22,in,Local supermarkets,0.0811
2021-02-22,in,Fareshare,0.82307
2021-02-22,in,Other,0.0007
2021-02-22,out,Used as food,0.87647
2021-02-22,out,"Council compost, Energen biogas, etc.",0.0017
2021-02-22,out,Donated to animal sanctuary,0.0267
2021-02-23,in,Local supermarkets,0.0552
2021-02-23,in,Donated not waste,0.03296
2021-02-23,in,Other,0.01195
2021-02-23,out,Used as food,0.09801
2021-02-23,out,"Council compost, Energen biogas, etc.",0.0021
2021-02-24,in,Local supermarkets,0.03905
2021-02-24,in,Donated not waste,0.0402
2021-02-24,in,Other,0.00061
2021-02-24,out,Used as food,0.04399
2021-02-24,out,"Council compost, Energen biogas, etc.",0.00919
2021-02-24,out,Donated to animal sanctuary,0.02668
2021-02-25,in,Local supermarkets,0.0306
2021-02-25,in,Purchased,0.0333
2021-02-25,in,Donated not waste,0.0035
2021-02-25,out,Used as food,0.0674
2021-02-26,in,Local supermarkets,0.0354
2021-02-26,in,Donated not waste,0.0045
2021-02-26,out,Used as food,0.02605
2021-02-26,out,"Council compost, Energen biogas, etc.",0.0082
2021-02-26,out,Donated to animal sanctuary,0.00565
2021-02-27,in,Local supermarkets,0.10925
2021-02-27,in,Donated not waste,0.00086
2021-02-27,out,Used as food,0.09451
2021-02-27,out,"Council compost, Energen biogas, etc.",0.00695
2021-02-27,out,Donated to animal sanctuary,0.00865
2021-02-28,in,Local supermarkets,0.1003
2021-02-28,in,Donated not waste,0.000858
2021-02-28,out,Used as food,0.068178
2021-02-28,out,"Council compost, Energen biogas, etc.",0.03178
2021-02-28,out,Donated to animal sanctuary,0.0012
2021-03-01,in,Fareshare,0.692254
2021-03-01,in,Donated not waste,0.000574
2021-03-01,out,Used as food,0.670828
2021-03-01,out,Used by individuals for compost,0.0017
2021-03-01,out,Donated to animal sanctuary,0.0203
2021-03-02,in,Local supermarkets,0.0377
2021-03-02,in,Donated not waste,0.15068
2021-03-02,out,Used as food,0.15418
2021-03-02,out,"Council compost, Energen biogas, etc.",0.0065
2021-03-02,out,Donated to animal sanctuary,0.0277
2021-03-03,in,Local supermarkets,0.0664
2021-03-03,in,Donated not waste,0.008621
2021-03-03,out,Used as food,0.074321
2021-03-03,out,"Council compost, Energen biogas, etc.",0.0007
2021-03-04,in,Local supermarkets,0.0581
2021-03-04,in,Purchased,0.3111
2021-03-04,in,Donated not waste,0.000657
2021-03-04,out,Used as food,0.352357
2021-03-04,out,"Council compost, Energen biogas, etc.",0.0175
2021-03-05,in,Local supermarkets,0.0395
2021-03-05,in,Donated not waste,0.03588
2021-03-05,out,Used as food,0.05843
2021-03-05,out,"Council compost, Energen biogas, etc.",0.01695
2021-03-06,in,Local supermarkets,0.0927
2021-03-06,in,Donated not waste,0.005685
2021-03-06,out,Used as food,0.049735
2021-03-06,out,"Council compost, Energen biogas, etc.",0.00815
2021-03-06,out,Donated to animal sanctuary,0.0405
2021-03-07,in,Local supermarkets,0.0826
2021-03-07,in,Donated not waste,0.000919
2021-03-07,out,Used as food,0.077969
2021-03-07,out,Donated to animal sanctuary,0.00555
2021-03-08,in,Local supermarkets,0.0688
2021-03-08,in,Fareshare,1.03058
2021-03-08,in,Donated not waste,0.00068
2021-03-08,out,Used as food,1.07116
2021-03-08,out,"Council compost, Energen biogas, etc.",0.0061
2021-03-08,out,Donated to animal sanctuary,0.0228
2021-03-09,in,Local supermarkets,0.0763
2021-03-09,in,Donated not waste,0.0402
2021-03-09,out,Used as food,0.0799
2021-03-09,out,"Council compost, Energen biogas, etc.",0.0366
2021-03-10,in,Local supermarkets,0.0695
2021-03-10,in,Donated not waste,0.0067
2021-03-10,out,Used as food,0.0750
2021-03-10,out,"Council compost, Energen biogas, etc.",0.0012
2021-03-11,in,Local supermarkets,0.054
2021-03-11,in,Purchased,0.22395
2021-03-11,in,Donated not waste,0.06608
2021-03-11,out,Used as food,0.33399
2021-03-11,out,"Council compost, Energen biogas, etc.",0.00844
2021-03-11,out,Donated to animal sanctuary,0.0016
2021-03-12,in,Local supermarkets,0.0456
2021-03-12,in,Donated not waste,0.0225
2021-03-12,out,Used as food,0.0639
2021-03-12,out,"Council compost, Energen biogas, etc.",0.0042
2021-03-13,in,Local supermarkets,0.0246
2021-03-13,in,Donated not waste,0.000786
2021-03-13,out,Used as food,0.022186
2021-03-13,out,"Council compost, Energen biogas, etc.",0.0032
2021-03-14,in,Local supermarkets,0.0943
2021-03-14,in,Donated not waste,0.000633
2021-03-14,out,Used as food,0.093083
2021-03-14,out,"Council compost, Energen biogas, etc.",0.00185
2021-03-15,in,Local supermarkets,0.105
2021-03-15,in,Fareshare,0.609
2021-03-15,in,Donated not waste,0.000385
2021-03-15,out,Used as food,0.712485
2021-03-15,out,"Council compost, Energen biogas, etc.",0.0019
2021-03-16,in,Local supermarkets,0.055
2021-03-16,in,Donated not waste,0.012856
2021-03-16,out,Used as food,0.047276
2021-03-16,out,"Council compost, Energen biogas, etc.",0.02058
2021-03-17,in,Local supermarkets,0.0547
2021-03-17,in,Donated as waste,0.0129
2021-03-17,in,Donated not waste,0.013185
2021-03-17,out,Used as food,0.080785
2021-03-18,in,Local supermarkets,0.0165
2021-03-18,out,Used as food,0.0165
2021-03-19,in,Local supermarkets,0.0328
2021-03-19,in,Donated as waste,0.0614
2021-03-19,in,Donated not waste,0.00593
2021-03-19,out,Used as food,0.09703
2021-03-19,out,Donated to animal sanctuary,0.0031
2021-03-20,in,Local supermarkets,0.1173
2021-03-20,in,Donated not waste,0.000538
2021-03-20,in,Other,0.0097
2021-03-20,out,Used as food,0.109738
2021-03-20,out,"Council compost, Energen biogas, etc.",0.0178
2021-03-21,in,Local supermarkets,0.1847
2021-03-21,in,Donated not waste,0.000891
2021-03-21,out,Used as food,0.182641
2021-03-21,out,"Council compost, Energen biogas, etc.",0.00295
2021-03-22,in,Local supermarkets,0.072
2021-03-22,in,Fareshare,0.78
2021-03-22,in,Donated not waste,0.000495
2021-03-22,out,Used as food,0.810095
2021-03-22,out,"Council compost, Energen biogas, etc.",0.0119
2021-03-22,out,Donated to animal sanctuary,0.0305
2021-03-23,in,Local supermarkets,0.0415
2021-03-23,in,Donated not waste,0.018145
2021-03-23,out,Used as food,0.042245
2021-03-23,out,"Council compost, Energen biogas, etc.",0.0174
2021-03-24,in,Local supermarkets,0.06535
2021-03-24,in,Donated not waste,0.00082
2021-03-24,out,Used as food,0.05007
2021-03-24,out,"Council compost, Energen biogas, etc.",0.0161
2021-03-25,in,Local supermarkets,0.0284
2021-03-25,in,Purchased,0.2347
2021-03-25,in,Donated as waste,0.0252
2021-03-25,in,Donated not waste,0.000646
2021-03-25,out,Used as food,0.272946
2021-03-25,out,"Council compost, Energen biogas, etc.",0.0035
2021-03-25,out,Donated to animal sanctuary,0.0125
2021-03-26,in,Local supermarkets,0.0994
2021-03-26,in,Donated as waste,0.0192
2021-03-26,out,Used as food,0.1025
2021-03-26,out,"Council compost, Energen biogas, etc.",0.0059
2021-03-26,out,Donated to animal sanctuary,0.0102
2021-03-27,in,Local supermarkets,0.1334
2021-03-27,in,Donated not waste,0.000712
2021-03-27,out,Used as food,0.109662
2021-03-27,out,"Council compost, Energen biogas, etc.",0.0156
2021-03-27,out,Donated to animal sanctuary,0.00885
2021-03-28,in,Local supermarkets,0.06995
2021-03-28,out,Used as food,0.05995
2021-03-28,out,"Council compost, Energen biogas, etc.",0.01
2021-03-29,in,Local supermarkets,0.0924
2021-03-29,in,Fareshare,0.70854
2021-03-29,out,Used as food,0.78734
2021-03-29,out,"Council compost, Energen biogas, etc.",0.0092
2021-03-29,out,Donated to animal sanctuary,0.0044
2021-03-30,in,Local supermarkets,0.0693
2021-03-30,in,Donated not waste,0.00075
2021-03-30,out,Used as food,0.04855
2021-03-30,out,"Council compost, Energen biogas, etc.",0.01475
2021-03-30,out,Donated to animal sanctuary,0.00675
2021-03-31,in,Local supermarkets,0.0525
2021-03-31,in,Donated not waste,0.00059
2021-03-31,out,Used as food,0.02669
2021-03-31,out,"Council compost, Energen biogas, etc.",0.0038
2021-03-31,out,Used by individuals for compost,0.0166
2021-03-31,out,Donated to animal sanctuary,0.006
2021-04-01,in,Local supermarkets,0.0111
2021-04-01,in,Purchased,0.1522
2021-04-01,in,Donated as waste,0.03165
2021-04-01,in,Donated not waste,0.004561
2021-04-01,out,Used as food,0.194711
2021-04-01,out,"Council compost, Energen biogas, etc.",0.0048
2021-04-02,in,Local supermarkets,0.04135
2021-04-02,in,Donated as waste,0.06995
2021-04-02,in,Donated not waste,0.00093
2021-04-02,out,Used as food,0.10788
2021-04-02,out,"Council compost, Energen biogas, etc.",0.00435
2021-04-03,in,Local supermarkets,0.08595
2021-04-03,in,Donated not waste,0.00069
2021-04-03,out,Used as food,0.06699
2021-04-03,out,"Council compost, Energen biogas, etc.",0.0145
2021-04-03,out,Donated to animal sanctuary,0.00515
2021-04-04,in,Local supermarkets,0.0223
2021-04-04,in,Donated not waste,0.000805
2021-04-04,out,Used as food,0.011055
2021-04-04,out,"Council compost, Energen biogas, etc.",0.01205
2021-04-05,in,Local supermarkets,0.0679
2021-04-05,in,Fareshare,0.43226
2021-04-05,in,Donated not waste,0.00536
2021-04-05,out,Used as food,0.47277
2021-04-05,out,"Council compost, Energen biogas, etc.",0.00865
2021-04-05,out,Donated to animal sanctuary,0.0241
2021-04-06,in,Local supermarkets,0.0832
2021-04-06,in,Fareshare,0.0567
2021-04-06,in,Donated as waste,0.03
2021-04-06,in,Donated not waste,0.000427
2021-04-06,out,Used as food,0.154677
2021-04-06,out,"Council compost, Energen biogas, etc.",0.0052
2021-04-06,out,Donated to animal sanctuary,0.01045
2021-04-07,in,Local supermarkets,0.0732
2021-04-07,in,Donated not waste,0.00065
2021-04-07,out,Used as food,0.07040
2021-04-07,out,"Council compost, Energen biogas, etc.",0.00345
2021-04-08,in,Local supermarkets,0.0282
2021-04-08,in,Donated not waste,0.000585
2021-04-08,out,Used as food,-0.007815
2021-04-08,out,"Council compost, Energen biogas, etc.",0.0007
2021-04-08,out,Donated to animal sanctuary,0.0359
2021-04-09,in,Local supermarkets,0.07935
2021-04-09,in,Donated as waste,0.0119
2021-04-09,in,Donated not waste,0.00054
2021-04-09,out,Used as food,0.05819
2021-04-09,out,"Council compost, Energen biogas, etc.",0.0063
2021-04-09,out,Donated to animal sanctuary,0.0273
2021-04-10,in,Local supermarkets,0.10415
2021-04-10,in,Donated not waste,0.000482
2021-04-10,out,Used as food,0.078732
2021-04-10,out,"Council compost, Energen biogas, etc.",0.0259
2021-04-11,in,Local supermarkets,0.0786
2021-04-11,in,Donated not waste,0.000546
2021-04-11,out,Used as food,0.076646
2021-04-11,out,"Council compost, Energen biogas, etc.",0.0025
2021-04-12,in,Local supermarkets,0.1087
2021-04-12,in,Fareshare,0.70786
2021-04-12,in,Donated not waste,0.00055
2021-04-12,out,Used as food,0.79441
2021-04-12,out,"Council compost, Energen biogas, etc.",0.0055
2021-04-12,out,Donated to animal sanctuary,0.0172
2021-04-13,in,Local supermarkets,0.0831
2021-04-13,in,Donated as waste,0.016
2021-04-13,in,Donated not waste,0.000239
2021-04-13,out,Used as food,0.087439
2021-04-13,out,"Council compost, Energen biogas, etc.",0.0119
2021-04-14,in,Local supermarkets,0.0984
2021-04-14,in,Donated not waste,0.00048
2021-04-14,out,Used as food,0.09173
2021-04-14,out,"Council compost, Energen biogas, etc.",0.00715
2021-04-15,in,Local supermarkets,0.0641
2021-04-15,in,Donated not waste,0.00032
2021-04-15,out,Used as food,0.04942
2021-04-15,out,"Council compost, Energen biogas, etc.",0.015
2021-04-16,in,Local supermarkets,0.0524
2021-04-16,out,Used as food,0.0524
2021-04-17,in,Local supermarkets,0.0802
2021-04-17,out,Used as food,0.0802
2021-04-18,in,Local supermarkets,0.0539
2021-04-18,out,Used as food,0.0539
2021-04-19,in,Local supermarkets,7.6675
2021-04-19,in,Fareshare,0.726616
2021-04-19,out,Used as food,8.394116
2021-04-20,in,Local supermarkets,0.0577
2021-04-20,out,Used as food,0.0577
